,Unnamed: 0,UMAP 1,UMAP 2,discretized FADY
26,26,4.793307,5.6331058,0
28,28,4.7828164,5.9035788,0
29,29,-3.1711776,-2.5558712,1
30,30,-5.2878695,-2.591929,1
32,32,-6.91138,-0.43527132,1
34,34,-6.8983116,-0.2670439,1
37,37,-6.9145765,-0.99844384,1
38,38,3.7041547,4.937295,1
39,39,4.4385834,5.8164907,0
40,40,-4.4401736,-3.0760646,1
46,46,-4.8427386,-2.7589571,1
48,48,-4.1096883,-2.7366061,1
49,49,-6.86559,0.28915522,1
51,51,4.2590613,5.239416,0
