,Unnamed: 0,Umap 1,Umap 2,discretized FADY
22,22,-5.8630567,-5.0438046,2
23,23,-6.0990267,-5.144898,1
24,24,-6.266682,-5.1327186,0
26,26,-6.806065,-5.2199016,2
27,27,-6.985627,-5.416171,2
29,29,-7.454289,-5.534678,2
36,36,-8.947171,-5.821445,2
41,41,-9.8145075,-6.155937,0
42,42,-10.100996,-6.330319,2
43,43,-10.084214,-6.0519977,2
44,44,-10.531191,-6.0304766,2
