,Unnamed: 0,Umap 1,Umap 2,discretized FADY
22,22,26.165266,-5.6596828,2
23,23,26.515533,-5.798169,1
24,24,26.78601,-5.947357,0
26,26,27.262415,-6.2148104,2
27,27,27.493284,-6.490536,2
39,39,30.65593,-8.049673,2
40,40,30.918169,-7.921602,2
41,41,30.954296,-8.297825,0
42,42,31.218983,-8.1874075,2
43,43,31.363678,-8.202253,2
44,44,31.64595,-8.480617,2
