,Unnamed: 0,UMAP 1,UMAP 2,discretized FADY
26,26,7.5598445,9.319496,0
27,27,6.6035376,7.8781805,1
28,28,7.9967155,9.862351,0
29,29,16.437222,11.485561,1
32,32,14.866646,11.282358,1
40,40,13.919826,10.01581,1
43,43,12.289804,9.688612,1
44,44,13.476541,10.232402,0
46,46,15.844046,11.983862,1
47,47,6.001516,7.3283157,1
48,48,14.166923,10.101832,1
49,49,14.963212,11.64391,1
51,51,8.019571,8.64653,0
52,52,12.494722,9.938127,1
