,Unnamed: 0,Umap 1,Umap 2,discretized FADY
22,22,-9.614521,-0.7069177,2
23,23,-9.854529,-1.0487869,1
24,24,-10.058239,-1.0439141,0
26,26,-10.592083,-1.3856863,2
27,27,-10.784469,-1.5278147,2
39,39,-12.463219,-3.4091256,2
40,40,-13.019655,-3.3230464,2
41,41,-12.926134,-3.582149,0
42,42,-13.0410385,-3.7713,2
43,43,-13.28033,-4.0748463,2
44,44,-13.199084,-4.253061,2
