,Unnamed: 0,Umap 1,Umap 2,discretized FADY
22,22,-6.670407,1.1966467,2
23,23,-6.8971753,0.75709146,1
24,24,-7.033303,0.5074683,0
26,26,-7.383089,-0.18889715,2
27,27,-7.5125623,-0.4270566,2
38,38,-8.59089,-3.101478,2
39,39,-8.85664,-3.0310493,2
40,40,-8.816133,-3.3523245,2
41,41,-8.904052,-3.4451497,0
42,42,-9.117493,-3.7171507,2
43,43,-9.251358,-4.004637,2
