,Unnamed: 0,UMAP 1,UMAP 2,discretized FADY
26,26,9.478534,2.1946998,0
27,27,8.13965,-0.10586657,1
28,28,8.867975,1.8799608,0
29,29,12.092287,0.16361934,1
30,30,10.508996,1.7761886,1
32,32,9.045934,2.7576382,1
34,34,8.716025,2.5718439,1
47,47,8.903134,0.2669544,1
48,48,10.55655,-0.82797754,1
49,49,8.107969,2.9812775,1
50,50,7.3233013,-1.9855903,0
51,51,11.031067,2.224667,0
52,52,11.365856,0.89108306,1
53,53,7.5981565,-0.09948532,1
