,Unnamed: 0,Umap 1,Umap 2,discretized FADY
22,22,14.447742,-6.493714,2
23,23,14.639487,-6.761673,1
24,24,14.906792,-7.032264,0
26,26,15.267763,-7.317808,2
27,27,15.288493,-7.3763685,2
39,39,17.908905,-8.503656,2
40,40,18.059439,-8.586474,2
41,41,18.31146,-8.437013,0
42,42,18.540169,-8.563251,2
43,43,18.960096,-8.64719,2
44,44,19.096106,-8.522629,2
