,Unnamed: 0,UMAP 1,UMAP 2,discretized FADY
26,26,13.12868,5.4776287,0
27,27,13.848269,5.9648366,1
28,28,12.9415,5.031832,0
29,29,8.937877,5.56202,1
30,30,9.719781,3.5624678,1
32,32,9.793986,0.16394271,1
34,34,9.711128,-0.040955942,1
44,44,10.624119,1.79701,0
46,46,9.344098,4.0772734,1
47,47,14.322289,6.4430447,1
48,48,9.793767,4.787117,1
51,51,12.4707155,5.6788898,0
52,52,9.056393,4.530442,1
53,53,14.562155,7.7702303,1
