,Unnamed: 0,UMAP 1,UMAP 2,discretized FADY
26,26,6.0668373,5.8140497,0
27,27,10.5163145,7.8920484,1
28,28,6.307156,5.096098,0
29,29,7.644523,7.077059,1
30,30,6.96847,6.4210987,1
31,31,5.6304464,5.6154327,0
32,32,5.872989,4.794873,1
34,34,6.120692,4.4693065,1
46,46,8.254738,5.127903,1
47,47,9.949913,7.7704988,1
48,48,8.410015,6.076531,1
49,49,6.0196657,3.7921364,1
51,51,6.322201,7.1032963,0
52,52,7.335586,6.656055,1
