,Unnamed: 0,Umap 1,Umap 2,discretized FADY
21,21,-8.407922,-6.0291452,3
26,26,-9.183711,-7.189906,2
27,27,-9.371788,-7.457362,2
28,28,-9.503314,-7.6450834,0
29,29,-9.590918,-8.017777,2
32,32,-9.906605,-8.594595,2
33,33,-10.031237,-8.770244,2
35,35,-10.145544,-9.216793,2
49,49,-11.454635,-12.790499,2
51,51,-11.709413,-13.336351,1
52,52,-11.886785,-13.593602,2
53,53,-12.186514,-14.105663,2
54,54,-12.421173,-14.409483,2
55,55,-12.399622,-14.503454,0
