,Unnamed: 0,UMAP 1,UMAP 2,discretized FADY
26,26,5.757857,7.634871,0
27,27,6.02283,6.9375787,1
28,28,5.3232327,7.6229777,0
29,29,3.6742077,10.900128,1
30,30,1.8504021,9.988786,1
32,32,0.0016366577,7.704316,1
33,33,5.579525,9.138367,0
34,34,0.040409524,7.7240686,1
46,46,2.0537262,10.330954,1
47,47,7.2351837,6.9030066,1
48,48,2.8489468,10.973886,1
51,51,6.4754868,7.844694,0
52,52,2.7010303,10.614323,1
53,53,3.986386,6.2203536,1
