,Unnamed: 0,Umap 1,Umap 2,discretized FADY
21,21,-4.207743,-12.312456,3
26,26,-4.297093,-13.673227,2
27,27,-4.334045,-13.832647,2
28,28,-4.446014,-13.967004,0
29,29,-4.441558,-14.390146,2
32,32,-4.7047014,-15.199865,2
33,33,-4.704054,-15.457242,2
35,35,-4.8393354,-15.76024,2
49,49,-6.2217636,-19.383526,2
51,51,-6.509783,-19.762842,1
52,52,-6.6503806,-19.90725,2
53,53,-6.9253287,-20.137037,2
54,54,-7.035363,-20.20953,2
55,55,-7.138049,-20.291122,0
