,Unnamed: 0,UMAP 1,UMAP 2,discretized FADY
26,26,7.3261657,11.482345,0
27,27,5.1577573,11.320429,1
28,28,9.85858,11.007273,0
29,29,11.087605,11.207494,1
30,30,10.511813,11.959444,1
34,34,10.653257,11.112258,1
46,46,10.955421,8.944137,1
47,47,6.005471,11.439127,1
48,48,10.117279,9.718757,1
49,49,10.842175,9.530819,1
50,50,4.7049294,11.726951,0
51,51,9.146328,12.620413,0
52,52,10.118123,11.223145,1
53,53,3.9651082,11.634537,1
