,Unnamed: 0,UMAP 1,UMAP 2,discretized FADY
26,26,11.38927,8.200699,0
27,27,7.9322524,5.782669,1
28,28,12.571322,7.7551208,0
29,29,9.5419235,9.770062,1
30,30,11.142136,9.095962,1
31,31,13.309109,6.987082,0
32,32,13.352784,7.426463,1
34,34,13.49383,7.3995757,1
46,46,10.820383,9.292648,1
48,48,10.112343,9.144978,1
51,51,11.14527,7.4565687,0
52,52,10.526942,6.661533,1
53,53,7.772146,4.9959583,1
54,54,8.052127,6.3306675,1
