,Unnamed: 0,Umap 1,Umap 2,discretized FADY
21,21,-9.290441,-0.4542359,3
27,27,-10.784469,-1.5278147,2
28,28,-10.949699,-1.6781105,0
29,29,-11.089697,-1.7852697,2
32,32,-11.676227,-2.2365196,2
33,33,-11.73291,-2.2978344,2
35,35,-12.007624,-2.5855513,2
47,47,-13.353605,-4.8043747,2
49,49,-13.532666,-5.3334274,2
51,51,-13.667368,-5.798211,1
52,52,-13.857149,-6.047188,2
53,53,-14.027279,-6.285291,2
54,54,-13.950419,-6.3802557,2
55,55,-14.171341,-6.607958,0
