,Unnamed: 0,Umap 1,Umap 2,discretized FADY
21,21,-0.6419691,-9.173085,3
26,26,-1.0404028,-10.2975025,2
27,27,-1.3488402,-10.526606,2
28,28,-1.198662,-10.811942,0
29,29,-1.5415779,-11.116357,2
32,32,-2.0017545,-11.963625,2
33,33,-2.4167898,-12.660755,2
35,35,-2.5763807,-13.105872,2
49,49,-4.0182514,-16.234875,2
51,51,-4.0731206,-16.660107,1
52,52,-4.2218137,-16.966116,2
53,53,-4.4133716,-17.62183,2
54,54,-4.498805,-17.82874,2
55,55,-4.5391784,-18.059923,0
