,Unnamed: 0,UMAP 1,UMAP 2,discretized FADY
26,26,5.4276357,2.3655477,0
27,27,4.0128355,3.0579727,1
28,28,4.3937283,-0.75704753,0
29,29,5.1700497,-3.378941,1
30,30,4.1516833,-3.6329098,1
33,33,4.0819554,1.1347636,0
34,34,3.5074944,-2.8045723,1
40,40,2.4679956,-0.8116807,1
43,43,2.4228556,1.0689582,1
46,46,4.4801745,-3.282561,1
48,48,2.5552378,-1.1774732,1
51,51,3.0948498,-0.01874717,0
52,52,2.5209491,0.60956216,1
53,53,2.729196,3.415538,1
