,Unnamed: 0,UMAP 1,UMAP 2,discretized FADY
26,26,9.711118,13.065563,0
27,27,9.126053,9.583611,1
28,28,9.146667,13.136769,0
29,29,11.543444,11.414942,1
30,30,10.660287,12.618765,1
32,32,9.3038225,13.825092,1
46,46,8.906846,10.986333,1
47,47,9.234895,11.539184,1
48,48,10.16753,11.113728,1
49,49,8.530089,14.126408,1
50,50,7.367386,11.305782,0
51,51,10.990851,13.20141,0
52,52,11.4162445,12.135611,1
53,53,9.763383,8.55791,1
