,Unnamed: 0,UMAP 1,UMAP 2,discretized FADY
26,26,4.235686,-0.3982135,0
27,27,8.809972,1.6463443,1
29,29,3.1918259,-2.9021728,1
30,30,2.5242412,-2.2669446,1
31,31,3.962122,-0.5654528,0
32,32,1.3035485,-1.5189437,1
33,33,4.6325164,-1.4102973,0
34,34,1.0570604,-1.6200655,1
43,43,2.0633292,-3.5634773,1
46,46,1.7824687,-3.3511539,1
49,49,0.3349294,-1.7413828,1
51,51,4.448264,-0.7993663,0
52,52,2.8370168,-2.495185,1
53,53,8.255521,2.397704,1
