,Unnamed: 0,Umap 1,Umap 2,discretized FADY
21,21,-5.477328,-4.906812,3
27,27,-6.985627,-5.416171,2
28,28,-7.2559023,-5.3118944,0
29,29,-7.454289,-5.534678,2
32,32,-8.197518,-5.677297,2
33,33,-8.053719,-5.7909293,2
35,35,-8.64755,-5.967615,2
47,47,-11.04064,-5.9149528,2
49,49,-11.651251,-5.7701497,2
51,51,-12.056204,-5.8008904,1
52,52,-12.135649,-5.7057242,2
53,53,-12.429663,-5.693767,2
54,54,-12.522976,-5.6167064,2
55,55,-12.957284,-5.690837,0
