,Unnamed: 0,UMAP 1,UMAP 2,discretized FADY
26,26,4.9985833,4.575877,0
27,27,5.0376544,5.142238,1
28,28,4.855103,4.2082896,0
29,29,8.8175535,3.795123,1
30,30,7.9940267,2.5599785,1
32,32,5.870493,0.7542764,1
33,33,6.449423,4.8289566,0
34,34,5.9835496,0.6248186,1
46,46,8.128274,2.7605565,1
48,48,7.737169,3.559563,1
51,51,5.5228424,5.278018,0
52,52,7.9873624,3.150191,1
53,53,4.926671,4.8731537,1
54,54,4.377065,6.577153,1
