,Unnamed: 0,Umap 1,Umap 2,discretized FADY
21,21,-7.9040923,-4.8410387,3
27,27,-7.5474896,-6.0561767,2
28,28,-7.5263515,-6.3282456,0
29,29,-7.333724,-6.51916,2
32,32,-7.185185,-7.21387,2
33,33,-6.9550085,-7.3707166,2
35,35,-6.609988,-7.6558256,2
47,47,-3.7312155,-9.06004,2
49,49,-3.292223,-9.220152,2
51,51,-2.443967,-9.422324,1
52,52,-2.1079338,-9.482962,2
53,53,-1.7712995,-9.558219,2
54,54,-1.34602,-9.604395,2
55,55,-1.1009753,-9.659214,0
