,Unnamed: 0,Umap 1,Umap 2,discretized FADY
21,21,14.294503,-6.276832,3
27,27,15.288493,-7.3763685,2
28,28,15.525878,-7.4330583,0
29,29,15.690106,-7.594677,2
32,32,16.438236,-7.97886,2
33,33,16.794115,-8.09062,2
35,35,17.116774,-8.272126,2
47,47,19.649042,-8.666962,2
49,49,20.071371,-8.784685,2
51,51,20.42737,-8.938587,1
52,52,20.603905,-9.072365,2
53,53,20.95697,-9.343488,2
54,54,21.115059,-9.263314,2
55,55,21.340227,-9.468966,0
