,Unnamed: 0,UMAP 1,UMAP 2,discretized FADY
27,27,1.2768745,3.024261,1
29,29,1.1437665,-0.6018055,1
30,30,1.9862909,4.8430047,1
31,31,0.078855805,6.4986186,0
33,33,0.33010414,1.1247883,0
34,34,-0.62790936,6.4200106,1
35,35,0.24089168,4.3366218,1
47,47,1.1007452,3.6465604,1
48,48,0.144094,1.6669862,1
50,50,-0.32457477,6.587533,0
51,51,1.442259,3.5021493,0
52,52,0.11837287,0.7588529,1
53,53,2.3291237,1.9272228,1
54,54,1.4310521,4.747179,1
