,Unnamed: 0,Umap 1,Umap 2,discretized FADY
21,21,9.098514,-11.853799,3
27,27,7.9070787,-12.906597,2
28,28,7.9447174,-12.839899,0
29,29,7.624224,-12.998587,2
32,32,6.772964,-13.43943,2
33,33,6.4386706,-13.57497,2
35,35,6.062009,-13.746081,2
47,47,3.4485602,-13.863502,2
49,49,3.2130687,-13.3978405,2
51,51,2.6098723,-13.315015,1
52,52,2.509986,-13.201504,2
53,53,2.2479293,-13.07687,2
54,54,2.07546,-13.008382,2
55,55,1.8301176,-12.766893,0
