,Unnamed: 0,UMAP 1,UMAP 2,discretized FADY
26,26,12.847082,1.1190683,0
27,27,12.045182,6.0708985,1
28,28,13.296577,0.4036109,0
30,30,24.121397,8.618559,1
32,32,23.56532,8.947193,1
34,34,23.67759,8.919691,1
43,43,23.31864,8.558432,1
44,44,23.489475,7.379541,0
46,46,24.247276,8.28482,1
48,48,22.88886,5.891426,1
49,49,24.168966,9.195982,1
50,50,10.6932335,5.3644,0
53,53,10.66792,6.2464113,1
54,54,11.534492,5.4021716,1
