,Unnamed: 0,UMAP 1,UMAP 2,discretized FADY
27,27,2.3346088,3.0694606,1
28,28,3.3731964,1.9945055,0
29,29,10.780253,3.9684465,1
32,32,10.787934,4.8980637,1
33,33,3.277271,2.8162103,0
35,35,9.390245,5.7927613,1
38,38,3.5294745,2.649842,1
39,39,3.2790112,2.0247772,0
40,40,8.908033,5.7750645,1
42,42,0.30879584,4.3518114,1
43,43,7.346553,6.2225313,1
44,44,9.349361,6.2643547,0
46,46,10.799718,4.44611,1
52,52,7.6054826,5.9244237,1
