,Unnamed: 0,UMAP 1,UMAP 2,discretized FADY
26,26,-9.030178,6.3053565,0
27,27,-8.255064,6.5801125,1
29,29,-7.7154756,10.198147,1
30,30,-5.8492036,11.850312,1
31,31,-3.1728716,12.274161,0
32,32,-2.7263772,12.646199,1
33,33,-8.484057,8.81467,0
34,34,-2.674102,12.74056,1
35,35,-4.6078067,12.131344,1
38,38,-8.367227,8.163955,1
46,46,-6.5302687,11.650445,1
48,48,-6.794999,10.815127,1
50,50,-3.061114,11.684798,0
52,52,-7.23904,11.319399,1
