,Unnamed: 0,Umap 1,Umap 2,discretized FADY
22,22,-4.201797,-12.67768,2
23,23,-4.1584096,-12.811927,1
32,32,-4.7047014,-15.199865,2
33,33,-4.704054,-15.457242,2
34,34,-4.9044704,-15.749961,0
35,35,-4.8393354,-15.76024,2
36,36,-4.948376,-16.367775,2
37,37,-5.015492,-16.43528,2
38,38,-5.30499,-16.977774,2
41,41,-5.553086,-17.44232,0
42,42,-5.3943024,-17.649143,2
