,Unnamed: 0,Umap 1,Umap 2,discretized FADY
21,21,25.898085,-5.491976,3
27,27,27.493284,-6.490536,2
28,28,27.655615,-6.331784,0
29,29,28.126526,-6.701996,2
32,32,29.014343,-7.219288,2
33,33,29.153837,-7.1362076,2
35,35,29.417553,-7.464748,2
36,36,30.016096,-7.6118975,2
37,37,30.197042,-7.7361684,2
50,50,33.17916,-9.615821,0
51,51,33.400536,-9.681513,1
52,52,33.58832,-9.997549,2
53,53,33.710728,-9.935525,2
54,54,33.983765,-10.259852,2
