,Unnamed: 0,UMAP 1,UMAP 2,discretized FADY
27,27,4.4205804,6.088189,1
28,28,2.7987645,8.19569,0
29,29,4.060204,12.201016,1
30,30,5.385995,13.281966,1
32,32,8.311866,14.344435,1
33,33,3.633329,9.459497,0
34,34,8.204365,14.125982,1
35,35,6.243322,14.007365,1
38,38,3.8434165,9.642548,1
39,39,3.0716748,8.080705,0
40,40,4.8889117,12.200384,1
43,43,4.6297126,13.052543,1
46,46,4.9990525,13.043831,1
51,51,3.2756758,8.605666,0
