,Unnamed: 0,Umap 1,Umap 2,discretized FADY
21,21,-9.290441,-0.4542359,3
28,28,-10.949699,-1.6781105,0
29,29,-11.089697,-1.7852697,2
32,32,-11.676227,-2.2365196,2
33,33,-11.73291,-2.2978344,2
34,34,-11.877632,-2.4845905,0
35,35,-12.007624,-2.5855513,2
36,36,-12.4513855,-2.778195,2
37,37,-12.517919,-2.8316724,2
38,38,-12.685858,-3.2297618,2
39,39,-12.463219,-3.4091256,2
40,40,-13.019655,-3.3230464,2
42,42,-13.0410385,-3.7713,2
46,46,-13.273358,-4.7313533,1
