,Unnamed: 0,Umap 1,Umap 2,discretized FADY
22,22,-8.037623,-5.059979,2
23,23,-7.801456,-5.3556395,1
24,24,-7.6325073,-5.5582166,0
26,26,-7.5240088,-5.7477517,2
27,27,-7.5474896,-6.0561767,2
33,33,-6.9550085,-7.3707166,2
40,40,-5.32882,-8.349872,2
41,41,-5.2722535,-8.630768,0
42,42,-4.930078,-8.488367,2
43,43,-4.697031,-8.80208,2
44,44,-4.421981,-8.72255,2
