,Unnamed: 0,UMAP 1,UMAP 2,discretized FADY
26,26,4.9985833,4.575877,0
27,27,5.0376544,5.142238,1
28,28,4.855103,4.2082896,0
29,29,8.8175535,3.795123,1
30,30,7.9940267,2.5599785,1
32,32,5.870493,0.7542764,1
33,33,6.449423,4.8289566,0
34,34,5.9835496,0.6248186,1
35,35,6.6943474,1.956441,1
38,38,6.8299217,4.8930755,1
40,40,7.5624857,3.348168,1
42,42,4.5669374,6.811959,1
46,46,8.128274,2.7605565,1
51,51,5.5228424,5.278018,0
