,Unnamed: 0,Umap 1,Umap 2,discretized FADY
21,21,9.098514,-11.853799,3
28,28,7.9447174,-12.839899,0
29,29,7.624224,-12.998587,2
32,32,6.772964,-13.43943,2
33,33,6.4386706,-13.57497,2
34,34,6.3613667,-13.61746,0
35,35,6.062009,-13.746081,2
36,36,5.750207,-13.828519,2
37,37,5.7608128,-13.8876,2
38,38,5.3433084,-13.912279,2
39,39,5.297383,-13.799145,2
40,40,5.1242366,-14.0174465,2
42,42,4.5748153,-14.052211,2
46,46,3.5868604,-13.753994,1
