,Unnamed: 0,Umap 1,Umap 2,discretized FADY
22,22,-8.621046,-6.318271,2
23,23,-8.902895,-6.3082085,1
24,24,-8.821938,-6.5457935,0
26,26,-9.183711,-7.189906,2
36,36,-10.07985,-9.629605,2
38,38,-10.409975,-10.210499,2
39,39,-10.356787,-10.258172,2
40,40,-10.390739,-10.626837,2
41,41,-10.594146,-10.562153,0
42,42,-10.607518,-10.98927,2
43,43,-10.900943,-11.226857,2
