,Unnamed: 0,UMAP 1,UMAP 2,discretized FADY
26,26,8.549684,2.39509,0
27,27,6.6243696,-0.15245664,1
28,28,10.874476,3.4320464,0
29,29,11.476107,4.2119374,1
30,30,10.344702,4.5573664,1
31,31,8.5193405,4.117675,0
32,32,9.867026,4.5663934,1
33,33,9.194922,2.5648868,0
34,34,10.972656,3.8128002,1
35,35,10.849945,2.8293414,1
37,37,11.508001,2.1858673,1
42,42,6.3523207,0.64421445,1
43,43,10.140005,1.5304319,1
49,49,11.950145,2.5118606,1
