,Unnamed: 0,UMAP 1,UMAP 2,discretized FADY
26,26,10.138776,9.507588,0
27,27,9.479898,7.1712666,1
28,28,10.351992,10.335427,0
29,29,9.805752,13.417137,1
30,30,9.923925,12.883223,1
31,31,11.389222,11.989351,0
32,32,10.247009,11.9172125,1
34,34,10.189791,12.029189,1
37,37,13.953374,10.440205,1
38,38,10.408025,8.872466,1
43,43,15.297976,9.234012,1
44,44,14.199724,10.311824,0
46,46,9.990674,12.712598,1
49,49,10.138065,12.231293,1
