,Unnamed: 0,UMAP 1,UMAP 2,discretized FADY
26,26,5.7025394,1.2168422,0
27,27,7.465863,1.2203935,1
28,28,11.460891,-0.8986261,0
29,29,13.387524,-0.30054575,1
30,30,13.357098,-0.7271529,1
31,31,11.474586,0.64766484,0
32,32,12.248386,-1.396715,1
33,33,8.236826,-0.680689,0
34,34,12.080948,-1.6852951,1
35,35,9.019222,-2.2784293,1
40,40,8.899577,-2.2723575,1
42,42,5.7002206,1.3342807,1
46,46,13.161991,-1.1370882,1
49,49,12.505679,-1.4901022,1
