,Unnamed: 0,UMAP 1,UMAP 2,discretized FADY
26,26,7.3261657,11.482345,0
27,27,5.1577573,11.320429,1
28,28,9.85858,11.007273,0
29,29,11.087605,11.207494,1
30,30,10.511813,11.959444,1
31,31,8.916831,12.441833,0
32,32,10.1507225,12.183545,1
33,33,8.079518,11.150664,0
34,34,10.653257,11.112258,1
35,35,10.033618,10.292691,1
37,37,10.217745,9.563492,1
42,42,5.4733386,11.689857,1
46,46,10.955421,8.944137,1
47,47,6.005471,11.439127,1
