,Unnamed: 0,Umap 1,Umap 2,discretized FADY
22,22,26.165266,-5.6596828,2
23,23,26.515533,-5.798169,1
24,24,26.78601,-5.947357,0
26,26,27.262415,-6.2148104,2
27,27,27.493284,-6.490536,2
29,29,28.126526,-6.701996,2
32,32,29.014343,-7.219288,2
33,33,29.153837,-7.1362076,2
34,34,29.366642,-7.2204704,0
42,42,31.218983,-8.1874075,2
43,43,31.363678,-8.202253,2
