,Unnamed: 0,Umap 1,Umap 2,discretized FADY
22,22,-17.88829,-1.2490917,2
23,23,-18.154516,-1.0767301,1
24,24,-18.422146,-0.9099112,0
26,26,-18.84966,-0.6761694,2
27,27,-18.964193,-0.3542327,2
28,28,-19.078516,-0.5097638,0
29,29,-19.401546,-0.37891045,2
32,32,-20.087807,-0.13701889,2
33,33,-20.259996,-0.052241232,2
35,35,-20.68617,0.13820937,2
36,36,-21.10722,0.31182656,2
