,Unnamed: 0,UMAP 1,UMAP 2,discretized FADY
26,26,7.184077,13.307686,0
27,27,7.9034047,12.322933,1
28,28,9.614169,16.240097,0
29,29,8.503379,14.556783,1
30,30,8.892564,15.347982,1
31,31,7.44549,13.481518,0
32,32,10.083801,16.556442,1
34,34,10.324516,16.365318,1
35,35,9.753757,15.692958,1
38,38,9.606014,13.595983,1
42,42,7.3485417,10.898537,1
46,46,10.088525,14.318632,1
48,48,9.516353,14.234323,1
51,51,6.8972883,13.488242,0
