,Unnamed: 0,UMAP 1,UMAP 2,discretized FADY
27,27,7.9322524,5.782669,1
29,29,9.5419235,9.770062,1
30,30,11.142136,9.095962,1
31,31,13.309109,6.987082,0
32,32,13.352784,7.426463,1
33,33,8.884943,8.03476,0
34,34,13.49383,7.3995757,1
35,35,11.942284,7.725575,1
38,38,8.734947,8.193893,1
40,40,10.4858,8.72755,1
42,42,7.793294,6.501503,1
44,44,11.939912,7.365606,0
46,46,10.820383,9.292648,1
51,51,11.14527,7.4565687,0
