,Unnamed: 0,Umap 1,Umap 2,discretized FADY
22,22,-0.74648446,-9.4205675,2
23,23,-0.9543649,-9.763471,1
24,24,-0.8370081,-9.934775,0
26,26,-1.0404028,-10.2975025,2
27,27,-1.3488402,-10.526606,2
29,29,-1.5415779,-11.116357,2
33,33,-2.4167898,-12.660755,2
35,35,-2.5763807,-13.105872,2
36,36,-2.7839777,-13.433414,2
41,41,-3.1188004,-14.110853,0
42,42,-3.2818508,-14.427131,2
