,Unnamed: 0,Umap 1,Umap 2,discretized FADY
22,22,-5.8630567,-5.0438046,2
23,23,-6.0990267,-5.144898,1
24,24,-6.266682,-5.1327186,0
26,26,-6.806065,-5.2199016,2
27,27,-6.985627,-5.416171,2
28,28,-7.2559023,-5.3118944,0
29,29,-7.454289,-5.534678,2
32,32,-8.197518,-5.677297,2
33,33,-8.053719,-5.7909293,2
35,35,-8.64755,-5.967615,2
36,36,-8.947171,-5.821445,2
