,Unnamed: 0,UMAP 1,UMAP 2,discretized FADY
27,27,9.24893,15.682727,1
28,28,12.7276325,14.582224,0
29,29,15.906194,14.771893,1
30,30,16.221664,14.199413,1
34,34,15.001414,13.3794985,1
37,37,12.69123,12.846356,1
40,40,12.008145,12.694815,1
43,43,10.87902,13.325729,1
44,44,12.455892,13.204957,0
46,46,15.599081,14.245184,1
48,48,12.168918,12.6666355,1
49,49,15.381494,13.144483,1
50,50,8.942503,15.359804,0
51,51,12.916317,14.120386,0
