,Unnamed: 0,Umap 1,Umap 2,discretized FADY
21,21,-8.407922,-6.0291452,3
34,34,-9.957264,-8.947814,0
35,35,-10.145544,-9.216793,2
36,36,-10.07985,-9.629605,2
37,37,-10.231822,-9.48849,2
38,38,-10.409975,-10.210499,2
39,39,-10.356787,-10.258172,2
40,40,-10.390739,-10.626837,2
41,41,-10.594146,-10.562153,0
42,42,-10.607518,-10.98927,2
43,43,-10.900943,-11.226857,2
44,44,-10.971442,-11.442348,2
46,46,-11.197939,-12.075436,1
47,47,-11.240989,-12.289202,2
