,Unnamed: 0,UMAP 1,UMAP 2,discretized FADY
32,32,6.5570035,2.6823885,1
33,33,10.466278,5.26573,0
34,34,6.4645085,2.814961,1
35,35,8.099998,2.9455278,1
37,37,7.2697535,3.0166323,1
38,38,10.5241375,5.1609197,1
39,39,11.717618,5.066563,0
40,40,9.240256,3.001418,1
42,42,10.417301,8.348544,1
43,43,8.596371,4.5988193,1
44,44,7.91751,3.2129002,0
46,46,9.68257,2.548823,1
47,47,10.196866,8.0343485,1
51,51,10.903855,5.638877,0
