,Unnamed: 0,Umap 1,Umap 2,discretized FADY
25,25,-8.988902,-6.803871,1
28,28,-9.503314,-7.6450834,0
29,29,-9.590918,-8.017777,2
32,32,-9.906605,-8.594595,2
33,33,-10.031237,-8.770244,2
34,34,-9.957264,-8.947814,0
36,36,-10.07985,-9.629605,2
37,37,-10.231822,-9.48849,2
38,38,-10.409975,-10.210499,2
39,39,-10.356787,-10.258172,2
40,40,-10.390739,-10.626837,2
