,Unnamed: 0,UMAP 1,UMAP 2,discretized FADY
31,31,8.5193405,4.117675,0
32,32,9.867026,4.5663934,1
33,33,9.194922,2.5648868,0
34,34,10.972656,3.8128002,1
35,35,10.849945,2.8293414,1
37,37,11.508001,2.1858673,1
38,38,6.290143,0.02360885,1
39,39,12.262309,1.6237524,0
40,40,11.849402,1.4861206,1
42,42,6.3523207,0.64421445,1
43,43,10.140005,1.5304319,1
44,44,11.695572,1.2777961,0
46,46,12.221581,2.0617063,1
49,49,11.950145,2.5118606,1
