,Unnamed: 0,UMAP 1,UMAP 2,discretized FADY
31,31,0.7193043,6.4287386,0
32,32,-0.07180839,5.4815845,1
33,33,0.46828473,7.668507,0
34,34,-0.08424407,5.135261,1
35,35,-1.112548,5.44402,1
37,37,-0.8145896,4.549641,1
38,38,0.460198,8.1232815,1
39,39,-1.7309299,4.5409203,0
40,40,-2.6274848,4.9803634,1
42,42,3.996658,6.851782,1
43,43,-2.4737055,4.8365574,1
44,44,-1.3591863,4.182545,0
46,46,-2.396663,4.8160214,1
49,49,0.14141455,4.584056,1
