,Unnamed: 0,UMAP 1,UMAP 2,discretized FADY
30,30,8.553812,4.720627,1
31,31,8.478704,2.043301,0
32,32,8.61638,1.486037,1
33,33,6.3403664,5.5536323,0
34,34,8.676735,1.3469375,1
35,35,8.27716,3.2517738,1
37,37,8.282574,1.9561974,1
38,38,6.015152,5.913605,1
39,39,7.400266,3.9002461,0
40,40,8.447626,5.83503,1
42,42,4.3820553,4.0393353,1
43,43,7.3945055,5.462691,1
44,44,8.478873,2.8661613,0
46,46,8.718722,5.134378,1
