,Unnamed: 0,UMAP 1,UMAP 2,discretized FADY
30,30,-3.4436288,13.956745,1
31,31,0.67965335,12.76661,0
32,32,-3.0334408,14.219054,1
33,33,0.5118107,12.43523,0
34,34,-4.4028788,13.24655,1
35,35,-4.6534166,12.571437,1
37,37,-4.008088,10.430121,1
38,38,-2.867623,9.718027,1
39,39,-3.3702993,9.501023,0
40,40,-3.8423164,8.893663,1
42,42,9.597441,9.480063,1
43,43,-3.859027,9.802149,1
44,44,-3.7608483,9.004057,0
46,46,-3.9173737,9.987909,1
