,Unnamed: 0,UMAP 1,UMAP 2,discretized FADY
31,31,5.6304464,5.6154327,0
32,32,5.872989,4.794873,1
33,33,8.22401,7.778119,0
34,34,6.120692,4.4693065,1
35,35,6.9553185,5.092682,1
37,37,7.0337963,4.197007,1
38,38,10.1025,8.702745,1
39,39,8.154823,4.600654,0
40,40,8.5731,5.390477,1
42,42,10.235903,7.886918,1
43,43,8.428868,5.5605955,1
44,44,7.970851,4.2754936,0
46,46,8.254738,5.127903,1
47,47,9.949913,7.7704988,1
