,Unnamed: 0,UMAP 1,UMAP 2,discretized FADY
31,31,-3.1728716,12.274161,0
32,32,-2.7263772,12.646199,1
33,33,-8.484057,8.81467,0
34,34,-2.674102,12.74056,1
35,35,-4.6078067,12.131344,1
37,37,-3.3067179,12.705221,1
38,38,-8.367227,8.163955,1
39,39,-4.9742894,12.279865,0
40,40,-6.711935,11.009166,1
42,42,-8.840824,6.7573204,1
43,43,-7.0857306,11.288736,1
44,44,-4.106374,12.428554,0
46,46,-6.5302687,11.650445,1
48,48,-6.794999,10.815127,1
