,Unnamed: 0,Umap 1,Umap 2,discretized FADY
25,25,-4.271458,-13.391572,1
28,28,-4.446014,-13.967004,0
29,29,-4.441558,-14.390146,2
32,32,-4.7047014,-15.199865,2
33,33,-4.704054,-15.457242,2
34,34,-4.9044704,-15.749961,0
35,35,-4.8393354,-15.76024,2
36,36,-4.948376,-16.367775,2
37,37,-5.015492,-16.43528,2
38,38,-5.30499,-16.977774,2
39,39,-5.378858,-17.169966,2
