,Unnamed: 0,UMAP 1,UMAP 2,discretized FADY
31,31,11.437997,10.018648,0
32,32,13.579646,10.214883,1
33,33,11.926335,7.964466,0
34,34,13.802599,10.303076,1
35,35,12.872536,7.2875896,1
37,37,12.980567,7.3669314,1
38,38,7.246498,3.1601024,1
39,39,12.894869,10.206038,0
40,40,12.810791,7.0876193,1
42,42,6.3065166,2.6665833,1
43,43,11.4655,6.810976,1
44,44,12.55071,7.1607146,0
46,46,13.601727,11.620107,1
47,47,7.077587,3.4905148,1
