,Unnamed: 0,UMAP 1,UMAP 2,discretized FADY
32,32,2.2430668,7.0764008,1
33,33,1.2701626,-0.16220899,0
34,34,2.3464155,6.984143,1
35,35,2.1558945,5.490954,1
37,37,2.3947856,5.655144,1
38,38,1.6017092,-0.080956265,1
39,39,0.5381564,-0.84289145,0
40,40,1.6848892,5.1159067,1
42,42,4.3706126,-0.42161116,1
43,43,2.3040376,3.9724965,1
44,44,2.298665,5.175191,0
46,46,1.9863027,7.799369,1
47,47,3.6553242,-0.5075648,1
50,50,4.402008,-0.2899012,0
