,Unnamed: 0,UMAP 1,UMAP 2,discretized FADY
31,31,7.44549,13.481518,0
32,32,10.083801,16.556442,1
33,33,6.832538,14.022518,0
34,34,10.324516,16.365318,1
35,35,9.753757,15.692958,1
37,37,10.658189,15.416265,1
38,38,9.606014,13.595983,1
39,39,9.939073,13.403522,0
40,40,9.980208,13.948863,1
42,42,7.3485417,10.898537,1
43,43,9.819066,14.126257,1
44,44,10.819339,14.697523,0
46,46,10.088525,14.318632,1
48,48,9.516353,14.234323,1
