,Unnamed: 0,Umap 1,Umap 2,discretized FADY
21,21,-6.561031,1.5535326,3
34,34,-8.490178,-1.9593793,0
35,35,-8.38404,-2.3898866,2
36,36,-8.636898,-2.6264021,2
37,37,-8.6703825,-2.7197864,2
38,38,-8.59089,-3.101478,2
39,39,-8.85664,-3.0310493,2
40,40,-8.816133,-3.3523245,2
41,41,-8.904052,-3.4451497,0
42,42,-9.117493,-3.7171507,2
43,43,-9.251358,-4.004637,2
44,44,-9.3365965,-4.1085367,2
46,46,-9.641752,-4.6027427,1
47,47,-9.55788,-4.52901,2
