,Unnamed: 0,UMAP 1,UMAP 2,discretized FADY
31,31,9.676402,10.167438,0
32,32,9.247559,10.597083,1
33,33,10.261552,5.610672,0
34,34,9.340223,10.776778,1
35,35,7.966068,8.530012,1
37,37,8.184462,9.371174,1
38,38,10.375503,5.5291643,1
39,39,10.18373,8.51556,0
40,40,9.769577,5.7468667,1
42,42,10.526433,8.076223,1
43,43,7.3671565,7.187172,1
44,44,7.6657104,8.677402,0
46,46,11.09744,7.2523103,1
48,48,10.130428,5.4746094,1
