,Unnamed: 0,Umap 1,Umap 2,discretized FADY
21,21,-0.6419691,-9.173085,3
34,34,-2.5801642,-12.766413,0
35,35,-2.5763807,-13.105872,2
36,36,-2.7839777,-13.433414,2
37,37,-2.8165207,-13.468106,2
38,38,-3.0490916,-13.824164,2
39,39,-2.949733,-13.77411,2
40,40,-2.8689876,-13.939936,2
41,41,-3.1188004,-14.110853,0
42,42,-3.2818508,-14.427131,2
43,43,-3.6472125,-14.720381,2
44,44,-3.55097,-14.956922,2
46,46,-3.6100519,-15.499658,1
47,47,-3.9007068,-15.794669,2
