,Unnamed: 0,Umap 1,Umap 2,discretized FADY
21,21,-9.290441,-0.4542359,3
34,34,-11.877632,-2.4845905,0
35,35,-12.007624,-2.5855513,2
36,36,-12.4513855,-2.778195,2
37,37,-12.517919,-2.8316724,2
38,38,-12.685858,-3.2297618,2
39,39,-12.463219,-3.4091256,2
40,40,-13.019655,-3.3230464,2
41,41,-12.926134,-3.582149,0
42,42,-13.0410385,-3.7713,2
43,43,-13.28033,-4.0748463,2
44,44,-13.199084,-4.253061,2
46,46,-13.273358,-4.7313533,1
47,47,-13.353605,-4.8043747,2
