,Unnamed: 0,Umap 1,Umap 2,discretized FADY
21,21,-5.477328,-4.906812,3
34,34,-8.446628,-5.8413186,0
35,35,-8.64755,-5.967615,2
36,36,-8.947171,-5.821445,2
37,37,-9.004526,-5.9736705,2
38,38,-9.271847,-6.2078724,2
39,39,-9.448945,-6.1548834,2
40,40,-9.611041,-5.994285,2
41,41,-9.8145075,-6.155937,0
42,42,-10.100996,-6.330319,2
43,43,-10.084214,-6.0519977,2
44,44,-10.531191,-6.0304766,2
46,46,-11.098087,-5.775945,1
47,47,-11.04064,-5.9149528,2
