,Unnamed: 0,UMAP 1,UMAP 2,discretized FADY
28,28,9.27543,-0.15463229,0
30,30,9.61099,3.223057,1
32,32,7.771118,4.47663,1
33,33,10.303364,-0.052585464,0
34,34,7.514343,4.438145,1
35,35,8.490102,3.0678093,1
37,37,7.844167,3.5933719,1
38,38,10.433117,-0.23003682,1
39,39,9.379138,-0.1200755,0
40,40,9.572493,2.6811574,1
42,42,9.371497,-2.5645008,1
43,43,7.9849157,1.6010777,1
44,44,8.072795,3.1205597,0
46,46,9.908826,2.9249206,1
