,Unnamed: 0,Umap 1,Umap 2,discretized FADY
25,25,26.970285,-6.056411,1
28,28,27.655615,-6.331784,0
29,29,28.126526,-6.701996,2
32,32,29.014343,-7.219288,2
33,33,29.153837,-7.1362076,2
34,34,29.366642,-7.2204704,0
35,35,29.417553,-7.464748,2
36,36,30.016096,-7.6118975,2
37,37,30.197042,-7.7361684,2
38,38,30.6062,-7.9731016,2
39,39,30.65593,-8.049673,2
