,Unnamed: 0,UMAP 1,UMAP 2,discretized FADY
31,31,8.916831,12.441833,0
32,32,10.1507225,12.183545,1
33,33,8.079518,11.150664,0
34,34,10.653257,11.112258,1
35,35,10.033618,10.292691,1
37,37,10.217745,9.563492,1
38,38,4.81489,11.310175,1
39,39,10.745884,8.482941,0
40,40,10.252442,8.590717,1
42,42,5.4733386,11.689857,1
43,43,6.5124254,9.809016,1
44,44,10.294489,8.527481,0
46,46,10.955421,8.944137,1
47,47,6.005471,11.439127,1
