,Unnamed: 0,UMAP 1,UMAP 2,discretized FADY
31,31,9.730604,13.666508,0
32,32,9.3038225,13.825092,1
33,33,11.810259,11.990114,0
34,34,9.009416,13.615852,1
35,35,9.014671,12.41278,1
37,37,8.195545,12.075541,1
38,38,10.049924,10.512477,1
39,39,8.22788,10.989706,0
40,40,8.791874,10.478769,1
42,42,8.819725,11.257222,1
43,43,7.697424,9.40874,1
44,44,7.6147285,10.443346,0
46,46,8.906846,10.986333,1
47,47,9.234895,11.539184,1
