,Unnamed: 0,UMAP 1,UMAP 2,discretized FADY
31,31,3.962122,-0.5654528,0
32,32,1.3035485,-1.5189437,1
33,33,4.6325164,-1.4102973,0
34,34,1.0570604,-1.6200655,1
35,35,1.6145995,-2.230394,1
37,37,0.7435463,-2.477356,1
38,38,4.8878336,-1.8879399,1
39,39,1.0690627,-3.4085355,0
40,40,1.7531921,-3.6665022,1
42,42,9.041601,2.4081488,1
43,43,2.0633292,-3.5634773,1
44,44,0.56913376,-3.1736965,0
46,46,1.7824687,-3.3511539,1
49,49,0.3349294,-1.7413828,1
