,Unnamed: 0,Umap 1,Umap 2,discretized FADY
21,21,25.898085,-5.491976,3
34,34,29.366642,-7.2204704,0
35,35,29.417553,-7.464748,2
36,36,30.016096,-7.6118975,2
37,37,30.197042,-7.7361684,2
38,38,30.6062,-7.9731016,2
39,39,30.65593,-8.049673,2
40,40,30.918169,-7.921602,2
41,41,30.954296,-8.297825,0
42,42,31.218983,-8.1874075,2
43,43,31.363678,-8.202253,2
44,44,31.64595,-8.480617,2
46,46,32.223736,-8.902782,1
47,47,32.413555,-9.076239,2
