,Unnamed: 0,Umap 1,Umap 2,discretized FADY
25,25,-1.0246084,-10.147016,1
29,29,-1.5415779,-11.116357,2
32,32,-2.0017545,-11.963625,2
33,33,-2.4167898,-12.660755,2
34,34,-2.5801642,-12.766413,0
35,35,-2.5763807,-13.105872,2
36,36,-2.7839777,-13.433414,2
37,37,-2.8165207,-13.468106,2
38,38,-3.0490916,-13.824164,2
39,39,-2.949733,-13.77411,2
41,41,-3.1188004,-14.110853,0
