,Unnamed: 0,UMAP 1,UMAP 2,discretized FADY
31,31,9.6503315,2.8825953,0
32,32,9.045934,2.7576382,1
33,33,11.868937,0.69348085,0
34,34,8.716025,2.5718439,1
35,35,9.013001,1.3640171,1
37,37,7.6015897,-0.9029002,1
38,38,10.17889,-1.4535877,1
39,39,8.361564,-1.7634864,0
40,40,9.520564,-1.4832345,1
42,42,9.179778,-0.46970934,1
43,43,9.694937,-1.2354647,1
44,44,8.028912,-1.6166327,0
46,46,9.356935,-1.1080618,1
47,47,8.903134,0.2669544,1
