,Unnamed: 0,UMAP 1,UMAP 2,discretized FADY
31,31,13.568883,14.673504,0
33,33,10.965789,14.498728,0
34,34,15.001414,13.3794985,1
35,35,12.481382,13.06066,1
37,37,12.69123,12.846356,1
38,38,9.510971,15.412518,1
39,39,15.671581,13.729908,0
40,40,12.008145,12.694815,1
42,42,8.771983,14.621254,1
43,43,10.87902,13.325729,1
44,44,12.455892,13.204957,0
46,46,15.599081,14.245184,1
47,47,9.671625,15.344098,1
48,48,12.168918,12.6666355,1
