,Unnamed: 0,UMAP 1,UMAP 2,discretized FADY
28,28,5.0285406,6.79552,0
30,30,2.3027556,4.265036,1
32,32,0.50539935,6.173559,1
33,33,5.662427,5.9506145,0
34,34,0.46334752,6.110348,1
35,35,1.8498739,5.3250856,1
37,37,1.2743686,5.964579,1
38,38,5.932784,5.7073364,1
39,39,5.1012907,6.68745,0
40,40,2.4340072,4.647511,1
42,42,7.4841733,7.806944,1
43,43,3.3158886,5.6285763,1
44,44,1.9002041,5.780884,0
46,46,2.5385067,4.164993,1
