,Unnamed: 0,Umap 1,Umap 2,discretized FADY
25,25,-7.671029,-5.8034163,1
26,26,-7.5240088,-5.7477517,2
27,27,-7.5474896,-6.0561767,2
28,28,-7.5263515,-6.3282456,0
29,29,-7.333724,-6.51916,2
32,32,-7.185185,-7.21387,2
33,33,-6.9550085,-7.3707166,2
34,34,-6.700472,-7.568498,0
35,35,-6.609988,-7.6558256,2
36,36,-6.1855326,-7.980905,2
37,37,-6.020678,-8.121155,2
