,Unnamed: 0,UMAP 1,UMAP 2,discretized FADY
30,30,2.17397,8.934712,1
32,32,-0.21090107,9.230999,1
33,33,4.1469426,11.33428,0
34,34,-0.43945742,9.505776,1
35,35,1.1730518,9.816787,1
37,37,0.7614465,10.0341,1
38,38,4.2612195,11.452292,1
39,39,4.6973157,12.314517,0
40,40,2.5253897,9.608529,1
42,42,3.8619146,14.816839,1
43,43,2.4539068,10.872819,1
44,44,1.2625716,10.26471,0
46,46,2.4865298,8.8635435,1
51,51,4.379235,12.013106,0
