,Unnamed: 0,UMAP 1,UMAP 2,discretized FADY
28,28,4.855103,4.2082896,0
32,32,5.870493,0.7542764,1
33,33,6.449423,4.8289566,0
34,34,5.9835496,0.6248186,1
35,35,6.6943474,1.956441,1
37,37,6.240648,1.6332594,1
38,38,6.8299217,4.8930755,1
39,39,4.950402,4.1756253,0
40,40,7.5624857,3.348168,1
42,42,4.5669374,6.811959,1
43,43,6.446609,3.4607031,1
44,44,6.5001216,2.0272236,0
46,46,8.128274,2.7605565,1
48,48,7.737169,3.559563,1
