,Unnamed: 0,Umap 1,Umap 2,discretized FADY
25,25,15.039148,-7.132214,1
28,28,15.525878,-7.4330583,0
29,29,15.690106,-7.594677,2
32,32,16.438236,-7.97886,2
33,33,16.794115,-8.09062,2
34,34,16.91207,-8.027239,0
35,35,17.116774,-8.272126,2
36,36,17.239065,-8.38586,2
37,37,17.57158,-8.239964,2
38,38,17.737011,-8.349551,2
39,39,17.908905,-8.503656,2
