,Unnamed: 0,UMAP 1,UMAP 2,discretized FADY
32,32,9.793986,0.16394271,1
33,33,11.830041,5.794259,0
34,34,9.711128,-0.040955942,1
35,35,10.523747,2.0185483,1
37,37,10.022031,0.69029635,1
38,38,11.959624,5.930697,1
39,39,12.6742935,5.178129,0
40,40,9.6875925,4.5250654,1
42,42,14.983959,6.9608784,1
43,43,9.024586,4.6043367,1
44,44,10.624119,1.79701,0
46,46,9.344098,4.0772734,1
47,47,14.322289,6.4430447,1
51,51,12.4707155,5.6788898,0
