,Unnamed: 0,UMAP 1,UMAP 2,discretized FADY
31,31,4.7114396,10.912907,0
32,32,-1.6475127,9.058685,1
33,33,3.9275763,12.219546,0
34,34,-1.4750124,8.684857,1
35,35,-0.9376289,10.415174,1
37,37,-1.4538249,9.459429,1
38,38,3.9598904,12.343711,1
39,39,4.695428,11.240085,0
40,40,0.82407594,12.056557,1
42,42,6.321977,13.005587,1
43,43,0.46726862,12.456446,1
44,44,-1.1762362,10.111315,0
46,46,0.113429174,11.8891115,1
47,47,5.9353156,12.603782,1
