,Unnamed: 0,UMAP 1,UMAP 2,discretized FADY
30,30,-2.0187118,8.325882,1
31,31,1.9827831,7.681717,0
32,32,-1.8250194,8.37409,1
33,33,2.2017765,8.256373,0
34,34,-2.9170883,7.8568287,1
35,35,-3.322542,7.3295574,1
37,37,-4.094176,6.149928,1
38,38,3.6084635,6.0533504,1
39,39,-3.523807,5.3592715,0
40,40,-3.7989004,5.1610627,1
42,42,3.7524176,4.993975,1
43,43,-4.08515,5.3954234,1
44,44,-3.99741,4.9424043,0
46,46,-4.147322,5.549167,1
